ImageNumber,Intensity_LowerQuartileIntensity_MIRO160mer,Intensity_LowerQuartileIntensity_Subtract_perinucleus_Miro160mer,Intensity_MADIntensity_MIRO160mer,Intensity_MADIntensity_Subtract_perinucleus_Miro160mer,Intensity_MaxIntensity_MIRO160mer,Intensity_MaxIntensity_Subtract_perinucleus_Miro160mer,Intensity_MeanIntensity_MIRO160mer,Intensity_MeanIntensity_Subtract_perinucleus_Miro160mer,Intensity_MedianIntensity_MIRO160mer,Intensity_MedianIntensity_Subtract_perinucleus_Miro160mer,Intensity_MinIntensity_MIRO160mer,Intensity_MinIntensity_Subtract_perinucleus_Miro160mer,Intensity_PercentMaximal_MIRO160mer,Intensity_PercentMaximal_Subtract_perinucleus_Miro160mer,Intensity_StdIntensity_MIRO160mer,Intensity_StdIntensity_Subtract_perinucleus_Miro160mer,Intensity_TotalArea_MIRO160mer,Intensity_TotalArea_Subtract_perinucleus_Miro160mer,Intensity_TotalIntensity_MIRO160mer,Intensity_TotalIntensity_Subtract_perinucleus_Miro160mer,Intensity_UpperQuartileIntensity_MIRO160mer,Intensity_UpperQuartileIntensity_Subtract_perinucleus_Miro160mer
1,0.0018768596928566694,0.0018768596928566694,0.00010681315,9.155413e-05,0.18757915,0.09303426,0.0021138894571798325,0.002061428619321867,0.0019684138,0.0019531548,0.0015259022,0.0015259022,1.8903648857917152e-05,2.381904575662509e-05,0.00090612925,0.0006713509,5289984,4198321,11182.441,8654.539,0.0021057450212538242,0.0020599679555743933
2,0.0018768596928566694,0.0018768596928566694,0.00010681315,9.155413e-05,0.10395972,0.10395972,0.0020805280244585805,0.00203820354803382,0.0019684138,0.0019531548,0.0015259022,0.0015259022,1.8903648857917152e-05,2.402321603597717e-05,0.0006287584,0.00052222365,5289984,4162640,11005.96,8484.308,0.0021057450212538242,0.0020599679555743933
3,0.0019531548023223877,0.0019226367585361004,0.00015259022,0.00015259022,0.11236744,0.11236744,0.002237164692688579,0.0022106702222797134,0.002075227,0.002044709,0.0015411612,0.0015411612,1.8903648857917152e-05,3.6393134653506426e-05,0.00076953793,0.00074028375,5289984,2747771,11834.565,6074.4155,0.0023041123058646917,0.0022583352401852608
4,0.0018768596928566694,0.0018616006709635258,9.155413e-05,7.629511e-05,0.16328679,0.16328679,0.0020661643896276436,0.0020189269903013673,0.0019531548,0.0019378958,0.0015106432,0.0015106432,1.8903648857917152e-05,2.22160362903396e-05,0.00082259846,0.00069975737,5289984,4501253,10929.977,9087.701,0.002075226977467537,0.0020447089336812496
5,0.001892118714749813,0.0018768596928566694,0.00010681315,9.155413e-05,0.16054016,0.10159457,0.002079121511756935,0.0020433057105813156,0.0019684138,0.0019531548,0.0015106432,0.0015106432,1.8903648857917152e-05,2.504483024614059e-05,0.0006790454,0.00052121177,5289984,3992840,10998.52,8158.593,0.0021057450212538242,0.0020599679555743933
6,0.0018768596928566694,0.0018616006709635258,9.155413e-05,7.629511e-05,0.13040361,0.043640804,0.0020297864957507434,0.001999691044229752,0.0019531548,0.0019378958,0.0015259022,0.0015259022,1.8903648857917152e-05,2.1916857087626662e-05,0.00045178502,0.0003794592,5289984,4562698,10737.538,9123.986,0.0020599679555743933,0.002029449911788106
7,0.0018616006709635258,0.0018616006709635258,7.629511e-05,7.629511e-05,0.08207828,0.07319753,0.0020246452201580383,0.0019857687832982875,0.0019378958,0.0019378958,0.0015106432,0.0015106432,1.8903648857917152e-05,2.0739328008441737e-05,0.0005443077,0.0003967429,5289984,4821757,10710.341,9574.895,0.0020447089336812496,0.002029449911788106
8,0.0018768596928566694,0.0018768596928566694,9.155413e-05,9.155413e-05,0.13394369,0.09777981,0.002069523479418841,0.0020370996749942694,0.0019684138,0.0019531548,0.0015106432,0.0015106432,1.8903648857917152e-05,2.296921160937456e-05,0.0006947256,0.0006117076,5289984,4353654,10947.746,8868.827,0.0020904859993606806,0.0020447089336812496
9,0.0018768596928566694,0.0018616006709635258,9.155413e-05,7.629511e-05,0.15782407,0.1491722,0.0020432992817771283,0.00199997784042003,0.0019531548,0.0019378958,0.0015259022,0.0015259022,1.8903648857917152e-05,2.1486449785307395e-05,0.0007420099,0.00055185886,5289984,4654096,10809.0205,9308.089,0.0020447089336812496,0.002029449911788106
10,0.0018768596928566694,0.0018768596928566694,9.155413e-05,9.155413e-05,0.108140685,0.08249027,0.0020685768201283783,0.002031289189565632,0.0019684138,0.0019531548,0.0015411612,0.0015411612,1.8903648857917152e-05,2.151518078883689e-05,0.00051113724,0.00041531472,5289984,4647881,10942.738,9441.19,0.0020904859993606806,0.0020599679555743933
11,0.0018768596928566694,0.0018768596928566694,9.155413e-05,9.155413e-05,0.2059205,0.104463264,0.0020678801172886343,0.0020339467024275493,0.0019531548,0.0019531548,0.0015411612,0.0015411612,1.8903648857917152e-05,2.0958042418239533e-05,0.0007712426,0.0005797273,5289984,4771438,10939.053,9704.851,0.002075226977467537,0.0020447089336812496
12,0.0019226367585361004,0.0019073777366429567,0.00015259022,0.0001373312,0.1298085,0.10778973,0.002230752958976341,0.002199814363910154,0.002044709,0.002014191,0.0015106432,0.0015106432,1.8903648857917152e-05,2.7258243233481844e-05,0.0007587085,0.00071766967,5289984,3668615,11800.647,8070.272,0.0022735942620784044,0.0022278171963989735
13,0.001892118714749813,0.0018768596928566694,9.155413e-05,9.155413e-05,0.10435645,0.10435645,0.0020898729620448756,0.0020476814955181716,0.0019684138,0.0019531548,0.0015106432,0.0015106432,1.8903648857917152e-05,2.2063843053706485e-05,0.0005683703,0.0004839412,5289984,4532302,11055.395,9280.711,0.0021057450212538242,0.0020599679555743933
14,0.0019073777366429567,0.001892118714749813,0.00012207218,9.155413e-05,0.16192874,0.13366903,0.002201994860121505,0.002132330456097129,0.0019989319,0.0019684138,0.0014953841,0.0014953841,1.8903648857917152e-05,2.359716060085922e-05,0.00096220797,0.0007401643,5289984,4237798,11648.518,9036.386,0.002166781108826399,0.0021057450212538242
15,0.001892118714749813,0.0018768596928566694,0.00010681315,9.155413e-05,0.15164416,0.11921874,0.0021396473402022576,0.002082085296850597,0.0019836728,0.0019684138,0.0015259022,0.0015259022,1.8903648857917152e-05,2.1922920764425938e-05,0.00082145527,0.00061486365,5289984,4561436,11318.7,9497.299,0.0021057450212538242,0.002075226977467537
16,0.0018768596928566694,0.0018768596928566694,9.155413e-05,7.629511e-05,0.10406653,0.06500343,0.0020785167426782387,0.002030412599075896,0.0019531548,0.0019378958,0.0015259022,0.0015259022,1.8903648857917152e-05,2.0849304769507808e-05,0.00065100065,0.000547197,5289984,4796323,10995.32,9738.515,0.0020599679555743933,0.0020447089336812496
17,0.0018768596928566694,0.0018768596928566694,9.155413e-05,9.155413e-05,0.1279469,0.08732738,0.002098150323446158,0.002043164292566612,0.0019684138,0.0019531548,0.0014801251,0.0014801251,1.8903648857917152e-05,2.1163152243061342e-05,0.0007106772,0.00054522743,5289984,4725194,11099.182,9654.348,0.002075226977467537,0.0020447089336812496
18,0.0018768596928566694,0.0018768596928566694,9.155413e-05,9.155413e-05,0.23909362,0.15657282,0.002101174168839641,0.002057187756253575,0.0019684138,0.0019531548,0.0015106432,0.0015106432,1.8903648857917152e-05,2.1360027101602387e-05,0.00073922914,0.00058996025,5289984,4681642,11115.178,9631.017,0.0020904859993606806,0.0020599679555743933
19,0.0018768596928566694,0.0018768596928566694,9.155413e-05,9.155413e-05,0.11854734,0.11854734,0.0021465785550461966,0.0021455703519629053,0.0019684138,0.0019684138,0.0015259022,0.0015259022,1.8903648857917152e-05,1.895830916148915e-05,0.0010260793,0.0010217458,5289984,5274732,11355.366,11317.309,0.0020904859993606806,0.0020904859993606806
20,0.001892118714749813,0.0018768596928566694,9.155413e-05,9.155413e-05,0.1900969,0.1900969,0.0020960675991647613,0.002056032680861547,0.0019684138,0.0019684138,0.0015259022,0.0015259022,1.8903648857917152e-05,2.1586709494698303e-05,0.0006547745,0.00058224495,5289984,4632480,11088.164,9524.53,0.0020904859993606806,0.0020599679555743933
21,0.0019073777366429567,0.001892118714749813,0.00010681315,0.00010681315,0.1292134,0.1292134,0.002142324311023436,0.0021035021290995307,0.0019989319,0.0019836728,0.0015259022,0.0015259022,1.8903648857917152e-05,2.387334521907614e-05,0.00072604016,0.0007174012,5289984,4188772,11332.861,8811.091,0.002151522086933255,0.0021057450212538242
22,0.001892118714749813,0.0018768596928566694,0.00010681315,9.155413e-05,0.11342031,0.11342031,0.002116522122574,0.002065058607627019,0.0019836728,0.0019684138,0.0014953841,0.0014953841,1.8903648857917152e-05,2.2251906265179974e-05,0.00070592796,0.0006105978,5289984,4493997,11196.368,9280.367,0.0021057450212538242,0.002075226977467537
23,0.0019226367585361004,0.0019073777366429567,0.0001373312,0.00010681315,0.1998169,0.1998169,0.002224459003857573,0.002170663672248191,0.00202945,0.0019989319,0.0015259022,0.0015259022,1.8903648857917152e-05,2.4509215219830505e-05,0.0008750251,0.000815497,5289984,4080098,11767.353,8856.5205,0.0022278171963989735,0.002151522086933255
24,0.001892118714749813,0.0018768596928566694,9.155413e-05,9.155413e-05,0.08014038,0.06958114,0.00215052321489772,0.0020794356834638933,0.0019684138,0.0019531548,0.0015259022,0.0015259022,1.8903648857917152e-05,2.1243085906614545e-05,0.0009549681,0.0007557339,5289984,4707414,11376.233,9788.765,0.0020904859993606806,0.0020599679555743933
25,0.0018768596928566694,0.0018768596928566694,9.155413e-05,9.155413e-05,0.11985961,0.04386969,0.002082429465701125,0.0020387480858076435,0.0019684138,0.0019531548,0.0015411612,0.0015411612,1.8903648857917152e-05,2.0689078731875333e-05,0.00068026467,0.00057201367,5289984,4833468,11016.019,9854.224,0.002075226977467537,0.0020447089336812496
26,0.0018768596928566694,0.0018768596928566694,9.155413e-05,9.155413e-05,0.14441139,0.0832227,0.002067588624500093,0.0020288578807839473,0.0019684138,0.0019531548,0.0015106432,0.0015106432,1.8903648857917152e-05,2.097494919867304e-05,0.00068621966,0.0004861888,5289984,4767592,10937.511,9672.767,0.002075226977467537,0.0020447089336812496
27,0.001892118714749813,0.001892118714749813,0.00010681315,9.155413e-05,0.08136111,0.077607386,0.0021577869050501855,0.0021012254135012298,0.0019836728,0.0019684138,0.0015259022,0.0015259022,1.8903648857917152e-05,2.182683635722324e-05,0.00077154883,0.0007080858,5289984,4581516,11414.658,9626.798,0.002121004043146968,0.002075226977467537
28,0.0019073777366429567,0.001892118714749813,0.00010681315,0.00010681315,0.13299763,0.13299763,0.002144377498353492,0.0021136934753624107,0.0019989319,0.0019836728,0.0015411612,0.0015411612,1.8903648857917152e-05,2.4930649166680586e-05,0.0009903954,0.0009595814,5289984,4011127,11343.723,8478.293,0.0021362630650401115,0.0021057450212538242
29,0.001892118714749813,0.0018768596928566694,9.155413e-05,9.155413e-05,0.11328298,0.11328298,0.002073762401148094,0.0020417302606702886,0.0019684138,0.0019531548,0.0014801251,0.0014801251,1.8903648857917152e-05,2.2985784441612085e-05,0.00075235276,0.0007303936,5289984,4350515,10970.17,8882.578,0.0020904859993606806,0.0020599679555743933
30,0.0019226367585361004,0.0019073777366429567,0.00012207218,0.00010681315,0.15422294,0.14967574,0.002189148686165686,0.002159009386483732,0.00202945,0.0019989319,0.0014953841,0.0014953841,1.8903648857917152e-05,2.7255018943600915e-05,0.0009607293,0.00091920275,5289984,3669049,11580.562,7921.511,0.00221255817450583,0.002151522086933255
31,0.0019073777366429567,0.001892118714749813,0.00012207218,0.00010681315,0.2427863,0.23575188,0.0021501104360027363,0.0021248932236964794,0.002014191,0.0019836728,0.0015411612,0.0015411612,1.8903648857917152e-05,2.6755215728642182e-05,0.001277995,0.0013105201,5289984,3737589,11374.05,7941.9775,0.002166781108826399,0.002121004043146968
32,0.001892118714749813,0.001892118714749813,0.00010681315,9.155413e-05,0.13582055,0.13582055,0.0021367730256249356,0.0020849533348186807,0.0019836728,0.0019684138,0.0015411612,0.0015411612,1.8903648857917152e-05,2.377506694464475e-05,0.001031631,0.00094978476,5289984,4206087,11303.495,8769.495,0.002121004043146968,0.002075226977467537
33,0.001892118714749813,0.0018768596928566694,0.00010681315,9.155413e-05,0.28250554,0.18846418,0.0021318215249445933,0.0020711243227378934,0.0019836728,0.0019684138,0.0015106432,0.0015106432,1.8903648857917152e-05,2.2784259266643047e-05,0.0013093089,0.0009783038,5289984,4388995,11277.302,9090.154,0.002121004043146968,0.002075226977467537
34,0.001892118714749813,0.0018768596928566694,9.155413e-05,9.155413e-05,0.17221332,0.17221332,0.002056171854383208,0.002023834337767519,0.0019684138,0.0019531548,0.0015259022,0.0015259022,1.8903648857917152e-05,2.2682418245192857e-05,0.0006381289,0.0006201476,5289984,4408701,10877.116,8922.48,0.0020904859993606806,0.0020599679555743933
35,0.001892118714749813,0.0018768596928566694,9.155413e-05,7.629511e-05,0.20381476,0.20381476,0.0020856681924156105,0.0020479482355976065,0.0019684138,0.0019531548,0.0014953841,0.0014953841,1.8903648857917152e-05,2.1838352514686292e-05,0.00093042175,0.0008803036,5289984,4579100,11033.151,9377.76,0.002075226977467537,0.0020447089336812496
36,0.0019226367585361004,0.0019073777366429567,0.00012207218,0.00012207218,0.3205768,0.3205768,0.0021971135097005965,0.002179509893473065,0.00202945,0.002014191,0.0015564202,0.0015564202,1.8903648857917152e-05,3.0265913287553113e-05,0.0011142818,0.0012484655,5289984,3304047,11622.695,7201.203,0.00221255817450583,0.0021820401307195425
37,0.0019531548023223877,0.001937895780429244,0.00016784924,0.00015259022,0.1464561,0.12570383,0.0022781069685773154,0.002220178449554395,0.002090486,0.002059968,0.0015564202,0.0015564202,1.8903648857917152e-05,3.141159301381042e-05,0.00097038527,0.0006303818,5289984,3183538,12051.149,7068.0225,0.002334630349650979,0.002288853283971548
38,0.001892118714749813,0.001892118714749813,0.00010681315,9.155413e-05,0.07621881,0.024216067,0.002081788883068928,0.0020392928431814104,0.0019989319,0.0019684138,0.0015259022,0.0015259022,1.8903648857917152e-05,2.3648438529076582e-05,0.00039965496,0.00029485242,5289984,4228609,11012.63,8623.372,0.0021362630650401115,0.0020904859993606806
39,0.0019073777366429567,0.001892118714749813,0.00012207218,0.00010681315,0.13492027,0.03479057,0.002127974337032494,0.0020643045644460132,0.002014191,0.0019836728,0.0015259022,0.0015259022,1.8903648857917152e-05,2.44552770452743e-05,0.0007175399,0.00034254967,5289984,4089097,11256.95,8441.142,0.002166781108826399,0.0021057450212538242
40,0.0019226367585361004,0.0019073777366429567,0.00012207218,0.00012207218,0.081391625,0.040054932,0.0021627825265515925,0.0021230376964193817,0.00202945,0.002014191,0.0015106432,0.0015106432,1.8903648857917152e-05,2.8718120732128283e-05,0.00056407263,0.0004285006,5289984,3482122,11441.085,7392.6763,0.00221255817450583,0.002166781108826399
41,0.0019073777366429567,0.001892118714749813,0.00010681315,0.00010681315,0.19012742,0.054947738,0.0021411195726206357,0.002072537471491065,0.0019989319,0.0019836728,0.0015259022,0.0015259022,1.8903648857917152e-05,2.4621772639596834e-05,0.001086546,0.00038607814,5289984,4061446,11326.488,8417.499,0.002151522086933255,0.0021057450212538242
42,0.001892118714749813,0.001892118714749813,9.155413e-05,9.155413e-05,0.14869916,0.091203175,0.0020658278529883077,0.002038685678975703,0.0019836728,0.0019684138,0.0015259022,0.0015259022,1.8903648857917152e-05,2.1087348012939196e-05,0.0004959197,0.00035949907,5289984,4742180,10928.196,9667.814,0.0021057450212538242,0.0020904859993606806
43,0.001892118714749813,0.0018768596928566694,9.155413e-05,9.155413e-05,0.13958953,0.10666056,0.00207193351004228,0.0020202927927238184,0.0019684138,0.0019531548,0.0015259022,0.0015259022,1.8903648857917152e-05,2.2476844916288362e-05,0.0005600769,0.00046432918,5289984,4449023,10960.495,8988.329,0.0020904859993606806,0.0020599679555743933
44,0.001892118714749813,0.0018768596928566694,9.155413e-05,9.155413e-05,0.0911574,0.029083695,0.0020502151743275595,0.0020159918067800832,0.0019684138,0.0019531548,0.0015411612,0.0015411612,1.8903648857917152e-05,2.2457522158275675e-05,0.00042366484,0.00030858512,5289984,4452851,10845.605,8976.911,0.0020904859993606806,0.0020599679555743933
45,0.0019073777366429567,0.001892118714749813,0.00010681315,9.155413e-05,0.050949875,0.047730222,0.0020859148259593035,0.0020507890747868238,0.0019989319,0.0019836728,0.0015259022,0.0015259022,1.8903648857917152e-05,2.442860276697898e-05,0.00039738,0.00030271313,5289984,4093562,11034.456,8395.032,0.0021362630650401115,0.0021057450212538242
46,0.0018768596928566694,0.0018768596928566694,9.155413e-05,9.155413e-05,0.13981842,0.13981842,0.002108405737557524,0.002010749053420802,0.0019684138,0.0019531548,0.0015259022,0.0015259022,1.8903648857917152e-05,2.3794980544034158e-05,0.0008752132,0.00044623643,5289984,4202567,11153.433,8450.308,0.0020904859993606806,0.0020447089336812496
47,0.001892118714749813,0.0018768596928566694,0.00010681315,9.155413e-05,0.17857634,0.052857254,0.002141900640377646,0.002021860036368034,0.0019836728,0.0019531548,0.0015259022,0.0015259022,1.8903648857917152e-05,2.5207876755665598e-05,0.0011034328,0.00037278273,5289984,3967014,11330.62,8020.747,0.002121004043146968,0.0020599679555743933
48,0.0019073777366429567,0.001892118714749813,0.00012207218,0.00010681315,0.10562295,0.059372853,0.0022079081577798722,0.0020739768405322384,0.002014191,0.0019836728,0.0015106432,0.0015259022,1.8903648857917152e-05,2.9513386239029505e-05,0.0009408096,0.0004359222,5289984,3388293,11679.799,7027.241,0.002197299152612686,0.0021057450212538242
49,0.0018768596928566694,0.0018616006709635258,9.155413e-05,7.629511e-05,0.12841994,0.10736248,0.0020517049443107955,0.001977797353708942,0.0019531548,0.0019378958,0.0015259022,0.0015259022,1.8903648857917152e-05,2.1329424645169023e-05,0.0008261065,0.0002939275,5289984,4688359,10853.486,9272.624,0.0020599679555743933,0.002029449911788106
50,0.0018768596928566694,0.0018616006709635258,9.155413e-05,7.629511e-05,0.12690929,0.06564431,0.002075103194133007,0.0019914590089107516,0.0019684138,0.0019378958,0.0015106432,0.0015106432,1.8903648857917152e-05,2.290092943422109e-05,0.0007320511,0.00031947024,5289984,4366635,10977.263,8695.975,0.002075226977467537,0.0020447089336812496
51,0.0018768596928566694,0.0018616006709635258,9.155413e-05,7.629511e-05,0.14407569,0.05568017,0.0020781486384221577,0.0019838957583428254,0.0019684138,0.0019378958,0.0015106432,0.0015106432,1.8903648857917152e-05,2.3543360513358266e-05,0.0009117718,0.000311398,5289984,4247482,10993.373,8426.562,0.002075226977467537,0.002029449911788106
52,0.0018768596928566694,0.0018616006709635258,9.155413e-05,7.629511e-05,0.18437476,0.08647288,0.002039407788438018,0.0019742376830169154,0.0019531548,0.0019378958,0.0015411612,0.0015411612,1.8903648857917152e-05,2.1583774181921e-05,0.0007655514,0.00029149736,5289984,4633110,10788.435,9146.86,0.0020447089336812496,0.002029449911788106
53,0.0018768596928566694,0.0018616006709635258,9.155413e-05,7.629511e-05,0.07933165,0.065674834,0.0020193610595632236,0.001967374252550591,0.0019531548,0.0019378958,0.0014953841,0.0014953841,1.8903648857917152e-05,2.1294854950095507e-05,0.0004787533,0.00027204092,5289984,4695970,10682.388,9238.73,0.0020447089336812496,0.002029449911788106
54,0.0018768596928566694,0.0018616006709635258,9.155413e-05,7.629511e-05,0.16983292,0.12144656,0.0020264591581822364,0.001965723830172872,0.0019531548,0.0019378958,0.0015106432,0.0015106432,1.8903648857917152e-05,2.1108678453189816e-05,0.00072298385,0.0002657379,5289984,4737388,10719.937,9312.396,0.0020447089336812496,0.0020141908898949623
55,0.0018768596928566694,0.0018768596928566694,9.155413e-05,9.155413e-05,0.08700694,0.08700694,0.002165267137977166,0.0020543159443402233,0.0019684138,0.0019531548,0.0015106432,0.0015106432,1.8903648857917152e-05,2.1085565011962895e-05,0.00083301944,0.00055158243,5289984,4742581,11454.229,9742.76,0.0020904859993606806,0.0020599679555743933
56,0.001892118714749813,0.0018768596928566694,0.00012207218,9.155413e-05,0.19977112,0.19977112,0.00220933830004259,0.0020995512198038494,0.0019989319,0.0019684138,0.0015259022,0.0015259022,1.8903648857917152e-05,2.2957178434210235e-05,0.00076454505,0.00060216675,5289984,4355936,11687.364,9145.511,0.0021820401307195425,0.0020904859993606806
57,0.0019073777366429567,0.001892118714749813,0.0001373312,0.00010681315,0.033279926,0.033279926,0.0022624014331257903,0.0021304356155419915,0.002014191,0.0019836728,0.0015259022,0.0015259022,1.8903648857917152e-05,2.3470095929323093e-05,0.0007588362,0.00057444297,5289984,4260741,11968.067,9077.234,0.002243076218292117,0.002121004043146968
58,0.001892118714749813,0.0018768596928566694,0.00010681315,9.155413e-05,0.024307622,0.024307622,0.002160311022148177,0.0020592083613940253,0.0019684138,0.0019531548,0.0015259022,0.0015259022,1.8903648857917152e-05,2.1352460582823953e-05,0.0006679238,0.0004734433,5289984,4683301,11428.011,9643.893,0.0021057450212538242,0.0020599679555743933
59,0.001892118714749813,0.0018768596928566694,0.00010681315,9.155413e-05,0.1288014,0.1288014,0.002169344898715667,0.002071353917478711,0.0019836728,0.0019684138,0.0015259022,0.0015259022,1.8903648857917152e-05,2.24409416129337e-05,0.0006382727,0.00047892376,5289984,4456141,11475.8,9230.245,0.002151522086933255,0.002075226977467537
60,0.001892118714749813,0.0018768596928566694,0.00012207218,9.155413e-05,0.12103456,0.07084764,0.002217467792081224,0.002089088338824365,0.0019989319,0.0019684138,0.0015106432,0.0015106432,1.8903648857917152e-05,2.2768618468537186e-05,0.00079623656,0.0005244736,5289984,4392010,11730.369,9175.297,0.002166781108826399,0.0020904859993606806
61,0.001892118714749813,0.0018768596928566694,0.00010681315,9.155413e-05,0.040878918,0.020691235,0.0021831056105273664,0.0020603556133969095,0.0019836728,0.0019531548,0.0015259022,0.0015259022,1.8903648857917152e-05,2.1800075864264006e-05,0.00074687885,0.00048274436,5289984,4587140,11548.594,9451.14,0.002121004043146968,0.0020599679555743933
62,0.001892118714749813,0.0018768596928566694,0.00010681315,9.155413e-05,0.044953078,0.0180972,0.0021734499811341583,0.0020748876598623107,0.0019836728,0.0019684138,0.0015259022,0.0015259022,1.8903648857917152e-05,2.2140827619708258e-05,0.0006572105,0.0004652981,5289984,4516543,11497.516,9371.319,0.0021362630650401115,0.002075226977467537
63,0.001892118714749813,0.0018768596928566694,0.00010681315,9.155413e-05,0.09864958,0.09864958,0.0021451325366721335,0.0020703934319307457,0.0019836728,0.0019684138,0.0015259022,0.0015259022,1.8903648857917152e-05,2.1926737507570205e-05,0.0005598385,0.00045757217,5289984,4560642,11347.717,9442.323,0.0021362630650401115,0.002075226977467537
64,0.001892118714749813,0.001892118714749813,0.00012207218,9.155413e-05,0.07832456,0.07832456,0.0021947224934895835,0.0020891554129542217,0.0019989319,0.0019684138,0.0015106432,0.0015106432,1.8903648857917152e-05,2.2344496271262184e-05,0.0006604362,0.00049002335,5289984,4475375,11610.047,9349.754,0.002166781108826399,0.0020904859993606806
65,0.001892118714749813,0.001892118714749813,0.00010681315,0.00010681315,0.12724498,0.12724498,0.0022040018959650918,0.0021923362429548177,0.0019836728,0.0019836728,0.0015259022,0.0015259022,1.8903648857917152e-05,1.9199297152129854e-05,0.00077338034,0.000759659,5289984,5208524,11659.135,11418.836,0.002151522086933255,0.0021362630650401115
66,0.0019073777366429567,0.001892118714749813,0.0001373312,0.00010681315,0.4555886,0.4555886,0.002279494097654643,0.0021662158263845055,0.002014191,0.0019836728,0.0015411612,0.0015411612,1.8903648857917152e-05,2.3552021705543203e-05,0.0009688733,0.00089226797,5289984,4245920,12058.487,9197.579,0.0022735942620784044,0.0021362630650401115
67,0.0019073777366429567,0.001892118714749813,0.00012207218,9.155413e-05,0.050965134,0.050965134,0.002202690455325574,0.0020858703826906943,0.0019989319,0.0019684138,0.0015411612,0.0015411612,1.8903648857917152e-05,2.3140782736976077e-05,0.00070580264,0.0005425916,5289984,4321375,11652.197,9013.828,0.002166781108826399,0.0020904859993606806
68,0.001892118714749813,0.0018768596928566694,0.00010681315,9.155413e-05,0.043610286,0.043610286,0.0021198996729597857,0.002042303481663123,0.0019836728,0.0019684138,0.0014953841,0.0014953841,1.8903648857917152e-05,2.211847184362771e-05,0.00047910714,0.00034432602,5289984,4521108,11214.235,9233.475,0.002121004043146968,0.002075226977467537
69,0.001892118714749813,0.0018768596928566694,0.00012207218,9.155413e-05,0.042404823,0.021911956,0.002254194406589888,0.0021061046217386564,0.0019989319,0.0019684138,0.0015259022,0.0015259022,1.8903648857917152e-05,2.2307222654858413e-05,0.0008892882,0.0005835885,5289984,4482853,11924.652,9441.357,0.0021820401307195425,0.0020904859993606806
70,0.0018768596928566694,0.0018768596928566694,9.155413e-05,9.155413e-05,0.0685893,0.031235218,0.0021144593357347585,0.0020202971588631673,0.0019684138,0.0019531548,0.0015259022,0.0015259022,1.8903648857917152e-05,2.1051754053199468e-05,0.0005680521,0.00036063284,5289984,4750198,11185.456,9596.812,0.0020904859993606806,0.0020447089336812496
71,0.001892118714749813,0.0018768596928566694,0.00010681315,9.155413e-05,0.06115816,0.06115816,0.002174930705426047,0.00205542227798041,0.0019684138,0.0019531548,0.0015411612,0.0015411612,1.8903648857917152e-05,2.1680912471554643e-05,0.0007336048,0.0004682749,5289984,4612352,11505.349,9480.331,0.002121004043146968,0.0020599679555743933
72,0.0018768596928566694,0.0018768596928566694,9.155413e-05,7.629511e-05,0.016418708,0.016418708,0.00207138799947221,0.0020088897872159043,0.0019684138,0.0019531548,0.0015106432,0.0015106432,1.8903648857917152e-05,2.0830603656312537e-05,0.00046555843,0.00031251268,5289984,4800629,10957.609,9643.935,0.002075226977467537,0.0020447089336812496
73,0.0019073777366429567,0.001892118714749813,0.00010681315,9.155413e-05,0.1309987,0.04760815,0.0021338505288957398,0.0020424695043878946,0.0019989319,0.0019684138,0.0015411612,0.0015411612,1.8903648857917152e-05,2.5084075550225468e-05,0.00069714576,0.00038270082,5289984,3986593,11288.035,8142.4946,0.0021362630650401115,0.002075226977467537
74,0.001892118714749813,0.0018768596928566694,0.00010681315,9.155413e-05,0.15574883,0.039246205,0.0021042796100612026,0.0020205427343051668,0.0019836728,0.0019531548,0.0015106432,0.0015106432,1.8903648857917152e-05,2.527185566939965e-05,0.0008541505,0.0003400127,5289984,3956971,11131.605,7995.229,0.002121004043146968,0.0020599679555743933
75,0.0019073777366429567,0.001892118714749813,0.00012207218,9.155413e-05,0.17079423,0.0446479,0.0021822935289714488,0.002058707303209291,0.0019989319,0.0019684138,0.0015106432,0.0015106432,1.8903648857917152e-05,2.4840098078643252e-05,0.0009749656,0.00040427656,5289984,4025749,11544.298,8287.839,0.002166781108826399,0.002075226977467537
76,0.0018768596928566694,0.0018768596928566694,9.155413e-05,7.629511e-05,0.13333334,0.13333334,0.00207232450543565,0.002003412671363278,0.0019684138,0.0019531548,0.0015259022,0.0015259022,1.8903648857917152e-05,2.169636030538061e-05,0.00071941025,0.0004912201,5289984,4609068,10962.563,9233.865,0.002075226977467537,0.0020447089336812496
77,0.001892118714749813,0.0018768596928566694,0.00010681315,9.155413e-05,0.106202796,0.046311133,0.002134320535633945,0.0020352302133661666,0.0019836728,0.0019531548,0.0015259022,0.0015259022,1.8903648857917152e-05,2.4149147064200267e-05,0.0007333172,0.00038562878,5289984,4140933,11290.521,8427.752,0.002121004043146968,0.0020599679555743933
78,0.001892118714749813,0.0018768596928566694,9.155413e-05,7.629511e-05,0.18887617,0.050217442,0.0021082853744808115,0.00201833556832369,0.0019684138,0.0019531548,0.0015259022,0.0015259022,1.8903648857917152e-05,2.3188556354684736e-05,0.00090408925,0.0004442011,5289984,4312472,11152.796,8704.016,0.0020904859993606806,0.0020447089336812496
79,0.0018768596928566694,0.0018768596928566694,9.155413e-05,7.629511e-05,0.12748913,0.03367666,0.0020351836351844353,0.0019780627958042468,0.0019531548,0.0019531548,0.0015259022,0.0015259022,1.8903648857917152e-05,2.1226478673650745e-05,0.0005894858,0.00021873598,5289984,4711097,10766.089,9318.846,0.0020599679555743933,0.002029449911788106
80,0.0018768596928566694,0.0018768596928566694,9.155413e-05,7.629511e-05,0.10489052,0.046387427,0.002046804394871516,0.001981810465543614,0.0019531548,0.0019378958,0.0015411612,0.0015411612,1.8903648857917152e-05,2.10576277782118e-05,0.0006486274,0.0002584149,5289984,4748873,10827.5625,9411.366,0.0020599679555743933,0.002029449911788106
81,0.0019073777366429567,0.001892118714749813,0.00012207218,9.155413e-05,0.21808194,0.09285115,0.0021858067647274547,0.002089793373570445,0.0019989319,0.0019684138,0.0015411612,0.0015411612,1.8903648857917152e-05,2.595886869173532e-05,0.0009235621,0.00054641854,5289984,3852248,11562.883,8050.4023,0.002166781108826399,0.0020904859993606806
82,0.001892118714749813,0.001892118714749813,0.00010681315,9.155413e-05,0.17822538,0.0936141,0.0021147471364043823,0.002055472425603587,0.0019836728,0.0019684138,0.0015259022,0.0015259022,1.8903648857917152e-05,2.3905150101632745e-05,0.0008701597,0.00047174326,5289984,4183199,11186.979,8598.45,0.0021057450212538242,0.002075226977467537
83,0.001892118714749813,0.0018768596928566694,9.155413e-05,9.155413e-05,0.22322424,0.16113527,0.002104663959640521,0.0020392404142699537,0.0019836728,0.0019684138,0.0015259022,0.0015259022,1.8903648857917152e-05,2.351832218408073e-05,0.00096717983,0.0005259634,5289984,4252004,11133.639,8670.858,0.0020904859993606806,0.0020599679555743933
84,0.001892118714749813,0.001892118714749813,9.155413e-05,9.155413e-05,0.21039139,0.14267185,0.002094217847587063,0.002029372253117168,0.0019836728,0.0019684138,0.0015411612,0.0015411612,1.8903648857917152e-05,2.299729229880474e-05,0.0010513602,0.00047711658,5289984,4348338,11078.379,8824.396,0.0020904859993606806,0.0020599679555743933
85,0.0019226367585361004,0.001892118714749813,0.00012207218,0.00010681315,0.12864882,0.09439231,0.002185093262746636,0.002086623394874537,0.002014191,0.0019989319,0.0015106432,0.0015106432,1.8903648857917152e-05,2.8119088840292856e-05,0.0010555341,0.0004049042,5289984,3556303,11559.108,7420.665,0.002197299152612686,0.0021362630650401115
86,0.0019073777366429567,0.001892118714749813,0.00010681315,9.155413e-05,0.23476005,0.10112154,0.002130909202360064,0.002053304953246074,0.0019836728,0.0019684138,0.0015411612,0.0015411612,1.8903648857917152e-05,2.5469089693983794e-05,0.0012378116,0.00045845853,5289984,3926328,11272.476,8061.9487,0.002121004043146968,0.002075226977467537
87,0.001892118714749813,0.0018768596928566694,9.155413e-05,9.155413e-05,0.18280308,0.05804532,0.0020775139631802287,0.0020060530850338366,0.0019684138,0.0019531548,0.0015411612,0.0015411612,1.8903648857917152e-05,2.226372179965678e-05,0.00092164107,0.0002771837,5289984,4491612,10990.016,9010.412,0.0020904859993606806,0.0020599679555743933
88,0.0018768596928566694,0.0018768596928566694,9.155413e-05,7.629511e-05,0.12568857,0.0708629,0.0020357950500771837,0.001983657586772194,0.0019684138,0.0019531548,0.0015411612,0.0015411612,1.8903648857917152e-05,2.213336414297622e-05,0.0006837877,0.00023898503,5289984,4518066,10769.323,8962.296,0.0020599679555743933,0.0020447089336812496
89,0.001892118714749813,0.001892118714749813,0.00010681315,9.155413e-05,0.1309224,0.110963605,0.0021504045132745204,0.0020549738201793024,0.0019836728,0.0019684138,0.0014953841,0.0014953841,1.8903648857917152e-05,2.458689710162281e-05,0.0011181358,0.00049369014,5289984,4067207,11375.605,8358.004,0.0021362630650401115,0.002075226977467537
90,0.0019226367585361004,0.0019073777366429567,0.00012207218,0.00010681315,0.10035859,0.08986038,0.0021958461898821434,0.0021083049666929567,0.002014191,0.0019989319,0.0015411612,0.0015411612,1.8903648857917152e-05,2.6591388219376825e-05,0.0010263788,0.0005287522,5289984,3760616,11615.991,7928.5254,0.0021820401307195425,0.0021362630650401115
91,0.0019226367585361004,0.0019073777366429567,0.00015259022,0.00012207218,0.12907606,0.12907606,0.0023833624484970086,0.00215730140804713,0.002044709,0.0019989319,0.0015411612,0.0015411612,1.8903648857917152e-05,3.582281605306362e-05,0.0017341584,0.0008693181,5289984,2791517,12607.949,6022.1436,0.0022735942620784044,0.002151522086933255
92,0.001892118714749813,0.0018768596928566694,0.00010681315,9.155413e-05,0.15368886,0.15368886,0.002197021945151441,0.002030185354271636,0.0019684138,0.0019531548,0.0015259022,0.0015259022,1.8903648857917152e-05,2.4795806533199106e-05,0.0015110631,0.00059795205,5289984,4032940,11622.211,8187.6157,0.0021057450212538242,0.0020447089336812496
93,0.0018768596928566694,0.0018616006709635258,9.155413e-05,7.629511e-05,0.21008621,0.21008621,0.002119967423341923,0.001987919036294604,0.0019531548,0.0019378958,0.0015259022,0.0015259022,1.8903648857917152e-05,2.2419091739820164e-05,0.0011994845,0.00044038333,5289984,4460484,11214.594,8867.081,0.0020599679555743933,0.002029449911788106
94,0.0018768596928566694,0.0018768596928566694,9.155413e-05,7.629511e-05,0.1251545,0.08940261,0.0021090758571410614,0.0019896310990305177,0.0019531548,0.0019378958,0.0015106432,0.0015106432,1.8903648857917152e-05,2.21156151281423e-05,0.00124358,0.00040400508,5289984,4521692,11156.978,8996.499,0.0020599679555743933,0.002029449911788106
95,0.0018768596928566694,0.0018768596928566694,9.155413e-05,9.155413e-05,0.15159838,0.09544518,0.002161727872782791,0.002022089080618795,0.0019684138,0.0019531548,0.0015411612,0.0015411612,1.8903648857917152e-05,2.277392822477685e-05,0.0012582266,0.00057046575,5289984,4390986,11435.506,8878.965,0.002075226977467537,0.0020447089336812496
96,0.0018768596928566694,0.0018616006709635258,9.155413e-05,7.629511e-05,0.13026626,0.13026626,0.0021493539208365282,0.0020205630252930077,0.0019531548,0.0019378958,0.0015259022,0.0015259022,1.8903648857917152e-05,2.2237566142860796e-05,0.0013297343,0.0006925812,5289984,4496895,11370.048,9086.26,0.002075226977467537,0.002029449911788106
97,0.0018768596928566694,0.0018616006709635258,9.155413e-05,7.629511e-05,0.13409628,0.0920882,0.002153083699367049,0.002004076086956522,0.0019531548,0.0019378958,0.0015259022,0.0015259022,1.8903648857917152e-05,2.2375143900144206e-05,0.0014209403,0.0005420312,5289984,4469245,11389.778,8956.707,0.002075226977467537,0.002029449911788106
98,0.0018768596928566694,0.0018768596928566694,0.00010681315,9.155413e-05,0.13238728,0.13238728,0.0021849073645591366,0.0020211495119314147,0.0019684138,0.0019531548,0.0015259022,0.0015259022,1.8903648857917152e-05,2.515809345929823e-05,0.0014104894,0.00061579794,5289984,3974864,11558.125,8033.7944,0.0021057450212538242,0.0020447089336812496
99,0.0018768596928566694,0.0018616006709635258,9.155413e-05,7.629511e-05,0.1388571,0.1388571,0.0021148684225108243,0.001983134247832598,0.0019531548,0.0019378958,0.0015259022,0.0015259022,1.8903648857917152e-05,2.258357446944973e-05,0.0013336895,0.00046687038,5289984,4427997,11187.62,8781.3125,0.0020599679555743933,0.002029449911788106
100,0.001892118714749813,0.0018768596928566694,0.00012207218,0.00010681315,0.29704738,0.14941634,0.002215630039890007,0.002125922345030225,0.0019836728,0.0019684138,0.0015411612,0.0015411612,1.8903648857917152e-05,2.2687080501702097e-05,0.0013859748,0.0009502558,5289984,4407795,11720.647,9370.63,0.002166781108826399,0.0020904859993606806
101,0.0019073777366429567,0.001892118714749813,0.0001373312,0.00010681315,0.29968718,0.29968718,0.002343461534748971,0.002229394175444387,0.002014191,0.0019836728,0.0014801251,0.0014801251,1.8903648857917152e-05,2.315359353033028e-05,0.0016376489,0.0013475182,5289984,4318984,12396.874,9628.718,0.002288853283971548,0.002151522086933255
102,0.001892118714749813,0.0018768596928566694,0.00010681315,9.155413e-05,0.19258411,0.19258411,0.0021619680451183784,0.002090803927738516,0.0019836728,0.0019531548,0.0015106432,0.0015106432,1.8903648857917152e-05,2.1964177305382014e-05,0.0010731352,0.0009351548,5289984,4552868,11436.776,9519.154,0.002121004043146968,0.002075226977467537
103,0.0018768596928566694,0.0018768596928566694,0.00010681315,9.155413e-05,0.22229344,0.09338521,0.002149580801544012,0.002065592398439711,0.0019684138,0.0019531548,0.0015564202,0.0015564202,1.8903648857917152e-05,2.0964580341513013e-05,0.0011367579,0.0007656936,5289984,4769950,11371.248,9852.772,0.0020904859993606806,0.0020599679555743933
104,0.001892118714749813,0.0018768596928566694,0.00010681315,9.155413e-05,0.36562142,0.22348364,0.0022268118066377895,0.002125363197316683,0.0019836728,0.0019684138,0.0015411612,0.0015411612,1.8903648857917152e-05,2.2165183815869385e-05,0.0015544278,0.0011435829,5289984,4511580,11779.799,9588.746,0.002151522086933255,0.002075226977467537
105,0.0018768596928566694,0.0018768596928566694,9.155413e-05,7.629511e-05,0.16420233,0.16420233,0.0021120373057248376,0.002039596507565482,0.0019531548,0.0019531548,0.0015259022,0.0015259022,1.8903648857917152e-05,2.075805942036025e-05,0.0010422716,0.00080953527,5289984,4817406,11172.644,9825.564,0.0020599679555743933,0.0020447089336812496
106,0.001892118714749813,0.0018768596928566694,0.00010681315,9.155413e-05,0.2170901,0.2170901,0.0022464383723797654,0.002128790911213502,0.0019836728,0.0019684138,0.0015259022,0.0015259022,1.8903648857917152e-05,2.2183868777979405e-05,0.0013418365,0.0010398419,5289984,4507780,11883.623,9596.121,0.002151522086933255,0.002075226977467537
107,0.001892118714749813,0.0018768596928566694,0.00012207218,0.00010681315,0.34145114,0.34145114,0.0022927691112227372,0.002171674585565019,0.0019989319,0.0019684138,0.0015411612,0.0015411612,1.8903648857917152e-05,2.2826651668034745e-05,0.0016039475,0.001157685,5289984,4380844,12128.712,9513.768,0.00221255817450583,0.0021057450212538242
108,0.0018768596928566694,0.0018768596928566694,9.155413e-05,9.155413e-05,0.20091555,0.20091555,0.002119122481927639,0.0021127355487872497,0.0019684138,0.0019684138,0.0015259022,0.0015259022,1.8903648857917152e-05,1.9054021198741826e-05,0.0009669711,0.0009597168,5289984,5248236,11210.124,11088.135,0.002075226977467537,0.002075226977467537
109,0.0019073777366429567,0.001892118714749813,0.00012207218,0.00010681315,0.17985809,0.17679103,0.0022522601054889768,0.002156773287336183,0.002014191,0.0019836728,0.0015106432,0.0015106432,1.8903648857917152e-05,2.318628744411525e-05,0.0011467153,0.000977488,5289984,4312894,11914.42,9301.935,0.00221255817450583,0.002121004043146968
110,0.0019073777366429567,0.001892118714749813,0.00012207218,0.00010681315,0.25912872,0.22436866,0.00227825409951618,0.002175045098273446,0.0019989319,0.0019684138,0.0015411612,0.0015411612,1.8903648857917152e-05,2.2911969235640668e-05,0.001361761,0.0010709799,5289984,4364531,12051.928,9493.052,0.0022278171963989735,0.002121004043146968
111,0.001892118714749813,0.001892118714749813,0.00010681315,9.155413e-05,0.21107805,0.17578393,0.002181009225405975,0.0020968692416353713,0.0019836728,0.0019684138,0.0015411612,0.0015411612,1.8903648857917152e-05,2.2247831948776592e-05,0.0011016264,0.00085620483,5289984,4494820,11537.504,9425.05,0.0021362630650401115,0.002075226977467537
112,0.001892118714749813,0.0018768596928566694,9.155413e-05,9.155413e-05,0.32339972,0.10560769,0.0021234634907449624,0.0020511579895467797,0.0019684138,0.0019531548,0.0015259022,0.0015259022,1.8903648857917152e-05,2.15219690879958e-05,0.0010537534,0.00064459007,5289984,4646415,11233.088,9530.531,0.0021057450212538242,0.0020599679555743933
113,0.0019073777366429567,0.001892118714749813,0.0001373312,0.00010681315,0.1896849,0.14866865,0.002314059530354912,0.002192011398745718,0.002014191,0.0019836728,0.0015564202,0.0015564202,1.8903648857917152e-05,2.354088309856403e-05,0.0015674317,0.0012423838,5289984,4247929,12241.338,9311.509,0.002243076218292117,0.002121004043146968
114,0.001892118714749813,0.0018768596928566694,0.00010681315,9.155413e-05,0.34692913,0.12654307,0.0022045182387957127,0.0021008920961569024,0.0019836728,0.0019531548,0.0015411612,0.0015411612,1.8903648857917152e-05,2.1770223993834674e-05,0.0013727935,0.0009184196,5289984,4593430,11661.866,9650.301,0.002121004043146968,0.002075226977467537
115,0.001892118714749813,0.001892118714749813,0.00010681315,9.155413e-05,0.24707408,0.1685359,0.002230498571982921,0.002128037962204798,0.0019836728,0.0019684138,0.0015259022,0.0015259022,1.8903648857917152e-05,2.234155092812388e-05,0.0014851858,0.0010549133,5289984,4475965,11799.302,9525.023,0.002151522086933255,0.0020904859993606806
116,0.0018768596928566694,0.0018768596928566694,9.155413e-05,9.155413e-05,0.20675975,0.16148622,0.0021272058224798035,0.0020559536523639113,0.0019684138,0.0019531548,0.0015411612,0.0015411612,1.8903648857917152e-05,2.117024006205421e-05,0.0009540552,0.00072209444,5289984,4723612,11252.885,9711.527,0.0020904859993606806,0.0020599679555743933
117,0.0019073777366429567,0.001892118714749813,0.00012207218,0.00010681315,0.31665522,0.31665522,0.0022384737334508005,0.002147310104640346,0.0019989319,0.0019836728,0.0015564202,0.0015564202,1.8903648857917152e-05,2.3112169134853728e-05,0.0013354417,0.0011450069,5289984,4326725,11841.49,9290.82,0.002197299152612686,0.0021057450212538242
118,0.001892118714749813,0.0018768596928566694,0.00010681315,9.155413e-05,0.38318455,0.38318455,0.0021677463958303085,0.0020463694709867675,0.0019836728,0.0019531548,0.0015106432,0.0015106432,1.8903648857917152e-05,2.365713804460506e-05,0.0013062924,0.0009311784,5289984,4227054,11467.344,8650.114,0.0021057450212538242,0.0020599679555743933
119,0.001892118714749813,0.0018768596928566694,0.00010681315,9.155413e-05,0.1807126,0.16240177,0.0022571355485196173,0.0020624472918306194,0.0019836728,0.0019684138,0.0015259022,0.0015259022,1.8903648857917152e-05,2.484128900454993e-05,0.001515101,0.000624302,5289984,4025556,11940.211,8302.497,0.002151522086933255,0.002075226977467537
120,0.0019073777366429567,0.001892118714749813,0.00010681315,9.155413e-05,0.19205005,0.16891737,0.0022234721004709087,0.002074217578972711,0.0019989319,0.0019684138,0.0015259022,0.0015259022,1.8903648857917152e-05,2.577669698951378e-05,0.0013650898,0.00073177903,5289984,3879473,11762.132,8046.871,0.0021362630650401115,0.002075226977467537
121,0.001892118714749813,0.0018768596928566694,0.00010681315,9.155413e-05,0.11694515,0.115678646,0.0022084104705586065,0.0020411698986242833,0.0019836728,0.0019531548,0.0015259022,0.0015259022,1.8903648857917152e-05,2.369311165426253e-05,0.0013934937,0.00056642474,5289984,4220636,11682.456,8615.035,0.0021057450212538242,0.0020599679555743933
122,0.0019073777366429567,0.001892118714749813,0.00012207218,0.00010681315,0.28313115,0.28313115,0.002285885340106889,0.002096819280280336,0.0019989319,0.0019836728,0.0015411612,0.0015411612,1.8903648857917152e-05,2.7445180310717863e-05,0.0016147102,0.0009427873,5289984,3643627,12092.297,7640.0273,0.0021820401307195425,0.0021057450212538242
123,0.001892118714749813,0.0018768596928566694,0.00010681315,9.155413e-05,0.1206836,0.089463644,0.0022097401871867665,0.002063198577350209,0.0019836728,0.0019684138,0.0015411612,0.0015411612,1.8903648857917152e-05,2.5140763132780438e-05,0.0013821857,0.0007225215,5289984,3977604,11689.49,8206.587,0.002121004043146968,0.0020599679555743933
124,0.001892118714749813,0.001892118714749813,0.00010681315,9.155413e-05,0.1337911,0.121004045,0.002208719316306061,0.0020457223670525405,0.0019836728,0.0019684138,0.0015259022,0.0015259022,1.8903648857917152e-05,2.496865185759279e-05,0.0013326216,0.00062065397,5289984,4005022,11684.09,8193.163,0.0021362630650401115,0.002075226977467537
125,0.001892118714749813,0.0018768596928566694,0.00010681315,9.155413e-05,0.19401847,0.19401847,0.002203855688055956,0.002061287770174376,0.0019836728,0.0019684138,0.0015411612,0.0015411612,1.8903648857917152e-05,2.4356216485846114e-05,0.0014429449,0.00080485333,5289984,4105728,11658.361,8463.087,0.002121004043146968,0.0020599679555743933
126,0.0018768596928566694,0.0018768596928566694,9.155413e-05,7.629511e-05,0.13609521,0.088960096,0.0021364507036434324,0.002024419048063541,0.0019684138,0.0019531548,0.0015411612,0.0015411612,1.8903648857917152e-05,2.1790162046898093e-05,0.0011577067,0.0005927933,5289984,4589227,11301.79,9290.519,0.002075226977467537,0.0020447089336812496
127,0.0018768596928566694,0.0018768596928566694,9.155413e-05,7.629511e-05,0.100679025,0.06422523,0.0020773797546575754,0.0019913146630293112,0.0019531548,0.0019531548,0.0015106432,0.0015106432,1.8903648857917152e-05,2.150796655081042e-05,0.00096647406,0.00033070843,5289984,4649440,10989.306,9258.498,0.0020599679555743933,0.002029449911788106
128,0.001892118714749813,0.0018768596928566694,0.00010681315,9.155413e-05,0.13896391,0.09063859,0.00220025513368755,0.002069955884285203,0.0019836728,0.0019684138,0.0015106432,0.0015106432,1.8903648857917152e-05,2.4756249962865624e-05,0.0013891734,0.0006279947,5289984,4039384,11639.314,8361.347,0.0021057450212538242,0.002075226977467537
129,0.0019073777366429567,0.001892118714749813,0.00010681315,0.00010681315,0.14169528,0.09324788,0.002269158564562766,0.0021143695041722158,0.0019989319,0.0019836728,0.0015259022,0.0015259022,1.8903648857917152e-05,2.6304872951409375e-05,0.0015326188,0.0006175772,5289984,3801577,12003.8125,8037.9385,0.002166781108826399,0.0021057450212538242
130,0.0019073777366429567,0.0019073777366429567,0.00010681315,0.00010681315,0.116289005,0.055741206,0.0021994666816927046,0.0020813922592911676,0.0019989319,0.0019836728,0.0014953841,0.0014953841,1.8903648857917152e-05,2.8825463261226437e-05,0.0012282371,0.00046328024,5289984,3469155,11635.144,7220.6724,0.002151522086933255,0.0021057450212538242
131,0.0019073777366429567,0.001892118714749813,0.00010681315,9.155413e-05,0.10981918,0.08509956,0.0022053818254105305,0.0020763044383683084,0.0019989319,0.0019684138,0.0015564202,0.0015564202,1.8903648857917152e-05,2.7499876250556874e-05,0.0013976808,0.0005894938,5289984,3636380,11666.435,7550.232,0.0021362630650401115,0.0020904859993606806
132,0.001892118714749813,0.0018768596928566694,9.155413e-05,7.629511e-05,0.1286946,0.1286946,0.002116500339072387,0.0020203358575958006,0.0019684138,0.0019531548,0.0015259022,0.0015259022,1.8903648857917152e-05,2.273487340881463e-05,0.0010083112,0.0004947249,5289984,4398529,11196.253,8886.506,0.002075226977467537,0.0020447089336812496
133,0.001892118714749813,0.0018768596928566694,9.155413e-05,9.155413e-05,0.13328755,0.082581826,0.0021202349173575006,0.002028306228550872,0.0019684138,0.0019531548,0.0014801251,0.0014801251,1.8903648857917152e-05,2.2389486613549848e-05,0.0010747148,0.00048473247,5289984,4466382,11216.009,9059.19,0.002075226977467537,0.0020599679555743933
134,0.0018768596928566694,0.0018768596928566694,9.155413e-05,9.155413e-05,0.12605478,0.05160601,0.0020906215391554113,0.0020068305625218774,0.0019684138,0.0019531548,0.0015259022,0.0015259022,1.8903648857917152e-05,2.346111507864635e-05,0.0010108353,0.00038266886,5289984,4262372,11059.3545,8553.858,0.002075226977467537,0.0020447089336812496
135,0.0019073777366429567,0.001892118714749813,0.00010681315,0.00010681315,0.121736474,0.06596475,0.00226863169919323,0.0021312028863285097,0.0019989319,0.0019836728,0.0015259022,0.0015259022,1.8903648857917152e-05,2.8070742763081808e-05,0.0015297271,0.0007104408,5289984,3562428,12001.025,7592.257,0.002166781108826399,0.002121004043146968
136,0.001892118714749813,0.0018768596928566694,0.00010681315,9.155413e-05,0.14445716,0.085877776,0.0022003465136307596,0.002036472871386333,0.0019836728,0.0019531548,0.0015411612,0.0015411612,1.8903648857917152e-05,2.678154162588061e-05,0.0014828593,0.00054942543,5289984,3733915,11639.798,7604.0166,0.002121004043146968,0.0020599679555743933
137,0.0018616006709635258,0.0018616006709635258,7.629511e-05,7.629511e-05,0.11598383,0.11598383,0.002075773867534382,0.001991174630412096,0.0019378958,0.0019378958,0.0015411612,0.0015411612,1.8903648857917152e-05,2.1446677019692553e-05,0.0011633429,0.0005737406,5289984,4662727,10980.811,9284.304,0.0020447089336812496,0.0020141908898949623
138,0.0018616006709635258,0.0018616006709635258,7.629511e-05,7.629511e-05,0.11219959,0.11219959,0.002044911999320319,0.0019655658679670887,0.0019378958,0.0019378958,0.0015259022,0.0015259022,1.8903648857917152e-05,2.1584603443348617e-05,0.0010179939,0.00035088978,5289984,4632932,10817.552,9106.333,0.0020447089336812496,0.0020141908898949623
139,0.0018768596928566694,0.0018616006709635258,9.155413e-05,7.629511e-05,0.19792478,0.101365685,0.0021108032149766425,0.001983815905188382,0.0019531548,0.0019378958,0.0015106432,0.0015106432,1.8903648857917152e-05,2.2783942606337218e-05,0.0014635352,0.00044793438,5289984,4389056,11166.115,8707.079,0.0020599679555743933,0.002029449911788106
140,0.001892118714749813,0.0018768596928566694,9.155413e-05,9.155413e-05,0.12149233,0.12149233,0.002126249563680155,0.0020043833396266347,0.0019684138,0.0019531548,0.0015106432,0.0015106432,1.8903648857917152e-05,2.672314871378813e-05,0.0012517162,0.0005715681,5289984,3742074,11247.826,7500.551,0.0020904859993606806,0.0020447089336812496
141,0.0018768596928566694,0.0018616006709635258,9.155413e-05,7.629511e-05,0.2264744,0.1550927,0.002073364390728781,0.001973820728029173,0.0019531548,0.0019378958,0.0014953841,0.0014953841,1.8903648857917152e-05,2.2773596292458522e-05,0.0012516228,0.0004924815,5289984,4391050,10968.064,8667.1455,0.0020447089336812496,0.002029449911788106
142,0.001892118714749813,0.0018768596928566694,0.00010681315,9.155413e-05,0.28757152,0.09594873,0.002191767321507967,0.00204266714878406,0.0019836728,0.0019531548,0.0015106432,0.0015106432,1.8903648857917152e-05,2.6311365009936487e-05,0.0015278733,0.00061627175,5289984,3800639,11594.414,7763.4404,0.0021057450212538242,0.0020599679555743933
143,0.0018768596928566694,0.0018616006709635258,9.155413e-05,7.629511e-05,0.15991455,0.10400549,0.002101545596002748,0.001983991691800854,0.0019531548,0.0019378958,0.0015411612,0.0015411612,1.8903648857917152e-05,2.3195435694945692e-05,0.001348236,0.00042865565,5289984,4311193,11117.143,8553.371,0.0020599679555743933,0.002029449911788106
144,0.0018768596928566694,0.0018768596928566694,9.155413e-05,9.155413e-05,0.14357214,0.12759595,0.0021392157315007947,0.002007359757844199,0.0019684138,0.0019531548,0.0015411612,0.0015411612,1.8903648857917152e-05,2.5105052090472582e-05,0.0013855741,0.00048755624,5289984,3983262,11316.417,7995.84,0.0020904859993606806,0.0020447089336812496
145,0.001892118714749813,0.001892118714749813,0.00012207218,0.00010681315,0.23076218,0.17059587,0.002231482706280397,0.0022066711830145834,0.0019989319,0.0019836728,0.0015411612,0.0015411612,1.8903648857917152e-05,1.9229412078032184e-05,0.0013156295,0.001148046,5289984,5200367,11804.508,11475.5,0.002166781108826399,0.002151522086933255
146,0.001892118714749813,0.0018768596928566694,0.00010681315,9.155413e-05,0.21907377,0.16903944,0.0021920732135602868,0.0020829343837358797,0.0019836728,0.0019531548,0.0015106432,0.0015106432,1.8903648857917152e-05,2.241765435115462e-05,0.0011169751,0.000722127,5289984,4460770,11596.032,9291.491,0.0021362630650401115,0.002075226977467537
147,0.0018768596928566694,0.0018768596928566694,0.00010681315,9.155413e-05,0.23807126,0.21039139,0.0021312099254458994,0.0020385687885408122,0.0019684138,0.0019531548,0.0014953841,0.0014953841,1.8903648857917152e-05,2.1573362592565905e-05,0.00102283,0.0006443738,5289984,4635346,11274.066,9449.472,0.0021057450212538242,0.0020599679555743933
148,0.0018768596928566694,0.0018768596928566694,9.155413e-05,7.629511e-05,0.20332646,0.09472801,0.002071897142670942,0.0020098094683697505,0.0019531548,0.0019531548,0.0015411612,0.0015411612,1.8903648857917152e-05,2.0346426394360946e-05,0.0007493892,0.0004253692,5289984,4914868,10960.303,9877.948,0.0020599679555743933,0.0020447089336812496
149,0.001892118714749813,0.0018768596928566694,0.00010681315,9.155413e-05,0.16986343,0.124788284,0.002174318736715461,0.0020760818966116725,0.0019836728,0.0019684138,0.0015411612,0.0015411612,1.8903648857917152e-05,2.2432273042038304e-05,0.0009836538,0.0006309152,5289984,4457863,11502.111,9254.889,0.002151522086933255,0.002075226977467537
150,0.001892118714749813,0.0018768596928566694,0.00010681315,9.155413e-05,0.20587473,0.17338827,0.002163351482076789,0.0020571240583067674,0.0019684138,0.0019531548,0.0015259022,0.0015259022,1.8903648857917152e-05,2.136236792449001e-05,0.001048096,0.00064686616,5289984,4681129,11444.095,9629.663,0.0021057450212538242,0.0020599679555743933
151,0.001892118714749813,0.0018768596928566694,0.00010681315,9.155413e-05,0.30173188,0.30173188,0.0022072535450957886,0.002073619101848719,0.0019836728,0.0019531548,0.0015259022,0.0015259022,1.8903648857917152e-05,2.2736956603789888e-05,0.0013238473,0.000830419,5289984,4398126,11676.336,9120.038,0.002151522086933255,0.002075226977467537
152,0.001892118714749813,0.0018768596928566694,0.00012207218,9.155413e-05,0.22784771,0.11648738,0.002182392846970331,0.002071639744871377,0.0019836728,0.0019684138,0.0015106432,0.0015106432,1.8903648857917152e-05,2.311518225974484e-05,0.0012542673,0.0006377122,5289984,4326161,11544.823,8962.247,0.002166781108826399,0.0020904859993606806
153,0.001892118714749813,0.001892118714749813,0.00012207218,9.155413e-05,0.32576486,0.18173495,0.0021807840061520037,0.002088943801658795,0.0019989319,0.0019684138,0.0015411612,0.0015411612,1.8903648857917152e-05,2.3131666835527835e-05,0.0010319491,0.0006779307,5289984,4323078,11536.3125,9030.667,0.002166781108826399,0.0020904859993606806
154,0.001892118714749813,0.0018768596928566694,0.00010681315,9.155413e-05,0.22009613,0.16881056,0.0021849965292309956,0.002071027090502032,0.0019836728,0.0019531548,0.0015564202,0.0015564202,1.8903648857917152e-05,2.188219719141999e-05,0.0011435355,0.00068210403,5289984,4569925,11558.597,9464.438,0.0021362630650401115,0.002075226977467537
155,0.001892118714749813,0.0018768596928566694,0.00010681315,9.155413e-05,0.26839092,0.18109407,0.0021505163844777225,0.0020681713400947602,0.0019836728,0.0019531548,0.0015259022,0.0015259022,1.8903648857917152e-05,2.1599242471368045e-05,0.0010825812,0.0007758144,5289984,4629792,11376.197,9575.203,0.002121004043146968,0.002075226977467537
156,0.0018768596928566694,0.0018768596928566694,9.155413e-05,7.629511e-05,0.21214618,0.096665904,0.0020976133047495983,0.0020219900963802905,0.0019531548,0.0019531548,0.0015106432,0.0015106432,1.8903648857917152e-05,2.0335217933547356e-05,0.0009617004,0.00056701485,5289984,4917577,11096.341,9943.292,0.0020599679555743933,0.0020447089336812496
157,0.001892118714749813,0.0018768596928566694,9.155413e-05,9.155413e-05,0.17022964,0.15193409,0.0020928765007843125,0.0020290840119568465,0.0019684138,0.0019531548,0.0015411612,0.0015411612,1.8903648857917152e-05,2.1430921176000367e-05,0.00073975394,0.0005174507,5289984,4666155,11071.283,9468.0205,0.0021057450212538242,0.0020599679555743933
158,0.0019073777366429567,0.001892118714749813,0.00012207218,0.00010681315,0.21129167,0.16614023,0.0021980954287267223,0.0020892973923619137,0.0019989319,0.0019684138,0.0015259022,0.0015259022,1.8903648857917152e-05,2.3829551980593213e-05,0.0012842254,0.00086794177,5289984,4196470,11627.89,8767.674,0.0021820401307195425,0.0021057450212538242
159,0.0018768596928566694,0.0018768596928566694,9.155413e-05,9.155413e-05,0.2910048,0.2910048,0.002109981903123431,0.0020264391974137747,0.0019684138,0.0019531548,0.0015411612,0.0015411612,1.8903648857917152e-05,2.1199784864583195e-05,0.00087343197,0.00054893456,5289984,4717029,11161.7705,9558.772,0.0020904859993606806,0.0020447089336812496
160,0.001892118714749813,0.001892118714749813,0.00012207218,0.00010681315,0.18667887,0.18667887,0.002189123025939209,0.002175410248915068,0.0019989319,0.0019836728,0.0015259022,0.0015259022,1.8903648857917152e-05,1.9217642102932767e-05,0.0010098048,0.0009832509,5289984,5203552,11580.426,11319.86,0.002151522086933255,0.002151522086933255
161,0.0019073777366429567,0.001892118714749813,0.0001373312,0.00010681315,0.17502098,0.17502098,0.00222321272911695,0.002118318870991773,0.002014191,0.0019836728,0.0015411612,0.0015411612,1.8903648857917152e-05,2.395402360525302e-05,0.0010534843,0.0007583222,5289984,4174664,11760.76,8843.27,0.0022278171963989735,0.002121004043146968
162,0.001937895780429244,0.0019073777366429567,0.00015259022,0.00012207218,0.14599833,0.122880906,0.002236636535077422,0.002153143541887694,0.002059968,0.002014191,0.0015564202,0.0015564202,1.8903648857917152e-05,2.6616443212753747e-05,0.00091191364,0.00065368024,5289984,3757076,11831.771,8089.524,0.002288853283971548,0.002197299152612686
163,0.001892118714749813,0.0018768596928566694,9.155413e-05,7.629511e-05,0.15979248,0.15979248,0.002123187320249929,0.0020077512437129286,0.0019684138,0.0019531548,0.0015411612,0.0015411612,1.8903648857917152e-05,2.3906350219902562e-05,0.0012750925,0.0005177909,5289984,4182989,11231.627,8398.401,0.0020904859993606806,0.0020447089336812496
164,0.0018768596928566694,0.0018768596928566694,9.155413e-05,7.629511e-05,0.16572824,0.06857404,0.002088568536431301,0.001989609290256528,0.0019531548,0.0019378958,0.0015259022,0.0015259022,1.8903648857917152e-05,2.2430033994959524e-05,0.0012024884,0.0003995709,5289984,4458308,11048.494,8870.291,0.0020599679555743933,0.002029449911788106
165,0.0019226367585361004,0.001892118714749813,0.00012207218,0.00010681315,0.1628748,0.09634546,0.0023046545958362065,0.0020996729499976195,0.002014191,0.0019836728,0.0015259022,0.0015259022,1.8903648857917152e-05,2.9571109499157075e-05,0.0019243204,0.0007605669,5289984,3381679,12191.586,7100.42,0.0021820401307195425,0.0021057450212538242
166,0.001892118714749813,0.0018768596928566694,9.155413e-05,7.629511e-05,0.14103913,0.14103913,0.0021413289157632613,0.002013711927177584,0.0019684138,0.0019531548,0.0015564202,0.0015564202,1.8903648857917152e-05,2.314971825635396e-05,0.0014252451,0.00051245966,5289984,4319707,11327.596,8698.6455,0.002075226977467537,0.0020447089336812496
167,0.001892118714749813,0.0018768596928566694,0.00010681315,9.155413e-05,0.12802319,0.12010376,0.002169031991637404,0.0020281955452268,0.0019836728,0.0019531548,0.0014953841,0.0015106432,1.8903648857917152e-05,2.471585418239213e-05,0.0014146746,0.0006629945,5289984,4045986,11474.145,8206.051,0.0021057450212538242,0.0020599679555743933
168,0.0018768596928566694,0.0018768596928566694,9.155413e-05,7.629511e-05,0.15358205,0.09828336,0.0021144696736677274,0.0020110287145231856,0.0019684138,0.0019531548,0.0015259022,0.0015259022,1.8903648857917152e-05,2.2977397363987018e-05,0.0012737107,0.0005284825,5289984,4352103,11185.511,8752.204,0.002075226977467537,0.0020447089336812496
169,0.0019073777366429567,0.001892118714749813,0.00010681315,9.155413e-05,0.1824979,0.120302126,0.002240462677911691,0.002071610727372835,0.0019989319,0.0019684138,0.0015259022,0.0015259022,1.8903648857917152e-05,2.704948541058955e-05,0.001828469,0.00075860426,5289984,3696928,11852.012,7658.5957,0.0021362630650401115,0.0020904859993606806
170,0.001892118714749813,0.0018768596928566694,0.00010681315,9.155413e-05,0.13542382,0.08705272,0.002186522851191516,0.0020305992029394813,0.0019836728,0.0019531548,0.0015259022,0.0015259022,1.8903648857917152e-05,2.6779404388555234e-05,0.0015882801,0.0005552709,5289984,3734213,11566.671,7582.69,0.0021057450212538242,0.0020599679555743933
171,0.0019073777366429567,0.001892118714749813,0.00012207218,0.00010681315,0.4340276,0.09538414,0.002277742741046098,0.002089628800826338,0.0019989319,0.0019836728,0.0015106432,0.0015106432,1.8903648857917152e-05,2.849589003777985e-05,0.001857634,0.0008036662,5289984,3509278,12049.223,7333.0884,0.002166781108826399,0.0021057450212538242
172,0.001892118714749813,0.001892118714749813,0.00010681315,9.155413e-05,0.19426261,0.07731746,0.0021840609462972856,0.002063410311725717,0.0019836728,0.0019684138,0.0015259022,0.0015259022,1.8903648857917152e-05,2.5814805617095184e-05,0.0016009626,0.00054907525,5289984,3873746,11553.647,7993.1274,0.002121004043146968,0.0020904859993606806
173,0.001892118714749813,0.0018768596928566694,9.155413e-05,9.155413e-05,0.16398871,0.123277634,0.00210046657424909,0.0020091211530093465,0.0019684138,0.0019531548,0.0015106432,0.0015106432,1.8903648857917152e-05,2.453565054559926e-05,0.0013031571,0.00057735085,5289984,4075702,11111.435,8188.579,0.002075226977467537,0.0020447089336812496
174,0.0019226367585361004,0.0019073777366429567,0.00012207218,0.00010681315,0.17537194,0.13237202,0.0022659336832942215,0.0021311328384851997,0.002014191,0.0019989319,0.0015411612,0.0015411612,1.8903648857917152e-05,2.9978418536495578e-05,0.0017853496,0.0009016553,5289984,3335733,11986.753,7108.89,0.0021820401307195425,0.0021362630650401115
175,0.0019073777366429567,0.001892118714749813,0.00010681315,9.155413e-05,0.15967041,0.07981994,0.0021908334000277693,0.0020618770711634906,0.0019989319,0.0019836728,0.0015411612,0.0015411612,1.8903648857917152e-05,2.779560557035054e-05,0.0016527848,0.00060491665,5289984,3597691,11589.474,7417.9966,0.002121004043146968,0.0020904859993606806
176,0.0019073777366429567,0.001892118714749813,0.00010681315,0.00010681315,0.17576867,0.13545434,0.0021665671330480395,0.002072495554145178,0.0019989319,0.0019836728,0.0015411612,0.0015411612,1.8903648857917152e-05,2.93531447491627e-05,0.0014023107,0.00069353374,5289984,3406790,11461.105,7060.557,0.002121004043146968,0.0020904859993606806
177,0.0019073777366429567,0.001892118714749813,0.00010681315,9.155413e-05,0.1314107,0.1314107,0.00218406925356485,0.002071077743050209,0.0019989319,0.0019836728,0.0015564202,0.0015564202,1.8903648857917152e-05,2.878058116627549e-05,0.0016350538,0.0007373922,5289984,3474565,11553.691,7196.094,0.002121004043146968,0.0020904859993606806
178,0.001892118714749813,0.001892118714749813,9.155413e-05,9.155413e-05,0.15439078,0.11512932,0.002125508740019346,0.002041019749970233,0.0019836728,0.0019684138,0.0015106432,0.0015106432,1.8903648857917152e-05,2.6938581112606503e-05,0.0012899942,0.00061341206,5289984,3712148,11243.907,7576.5674,0.0021057450212538242,0.002075226977467537
179,0.001892118714749813,0.001892118714749813,9.155413e-05,9.155413e-05,0.15474173,0.11253528,0.002146128485750146,0.0020551805335764215,0.0019836728,0.0019684138,0.0015411612,0.0015411612,1.8903648857917152e-05,2.885663102295603e-05,0.0015948495,0.0007315671,5289984,3465408,11352.985,7122.039,0.0020904859993606806,0.002075226977467537
180,0.001892118714749813,0.0018768596928566694,9.155413e-05,9.155413e-05,0.14398412,0.06521706,0.0020960500615999026,0.0020101507898359103,0.0019684138,0.0019531548,0.0015259022,0.0015259022,1.8903648857917152e-05,2.411666678725e-05,0.0011989081,0.00040125262,5289984,4146510,11088.071,8335.11,0.002075226977467537,0.0020447089336812496
181,0.0018768596928566694,0.0018616006709635258,9.155413e-05,7.629511e-05,0.10344091,0.08467231,0.0020638029103679707,0.001981639448321191,0.0019531548,0.0019378958,0.0015259022,0.0015259022,1.8903648857917152e-05,2.097554314595811e-05,0.0009520361,0.00041074274,5289984,4767457,10917.484,9447.381,0.0020447089336812496,0.002029449911788106
182,0.0018616006709635258,0.0018616006709635258,7.629511e-05,7.629511e-05,0.15994507,0.119447626,0.0020485107076292667,0.0019695176727463257,0.0019378958,0.0019378958,0.0015259022,0.0015259022,1.8903648857917152e-05,2.077770103880194e-05,0.00095438043,0.0004366613,5289984,4812852,10836.589,9478.997,0.002029449911788106,0.0020141908898949623
183,0.0018616006709635258,0.0018616006709635258,7.629511e-05,7.629511e-05,0.1413901,0.08531319,0.0020079381974501247,0.0019619331164865902,0.0019378958,0.0019378958,0.0015411612,0.0015411612,1.8903648857917152e-05,1.9698417232175394e-05,0.00076600886,0.00038726922,5289984,5076550,10621.961,9959.852,0.002029449911788106,0.0020141908898949623
184,0.0018768596928566694,0.0018616006709635258,9.155413e-05,7.629511e-05,0.16215762,0.107774474,0.0020781912823956555,0.001982525753429929,0.0019531548,0.0019378958,0.0015106432,0.0015106432,1.8903648857917152e-05,2.096982065351188e-05,0.001051944,0.00044433287,5289984,4768758,10993.599,9454.186,0.0020447089336812496,0.002029449911788106
185,0.0018768596928566694,0.0018616006709635258,9.155413e-05,7.629511e-05,0.13882658,0.08416876,0.002113951300171702,0.0019956167308491954,0.0019531548,0.0019378958,0.0015106432,0.0015106432,1.8903648857917152e-05,2.2428046900634556e-05,0.0011487523,0.0004984905,5289984,4458703,11182.769,8897.862,0.0020599679555743933,0.002029449911788106
186,0.0018616006709635258,0.0018616006709635258,7.629511e-05,7.629511e-05,0.118974596,0.07884336,0.0020108518330939186,0.001957974038471725,0.0019378958,0.0019378958,0.0014953841,0.0014953841,1.8903648857917152e-05,1.9988790286407383e-05,0.0007424809,0.0002869568,5289984,5002804,10637.374,9795.36,0.002029449911788106,0.0020141908898949623
187,0.0018768596928566694,0.0018616006709635258,9.155413e-05,7.629511e-05,0.12178225,0.09933623,0.0021118443925113952,0.001997338846528642,0.0019531548,0.0019378958,0.0015106432,0.0015106432,1.8903648857917152e-05,2.2765316675799353e-05,0.0010559491,0.0005045184,5289984,4392647,11171.623,8773.6045,0.002075226977467537,0.002029449911788106
188,0.0018768596928566694,0.0018616006709635258,9.155413e-05,7.629511e-05,0.14889753,0.14148165,0.0021124822060544037,0.0019913986290365213,0.0019531548,0.0019378958,0.0015106432,0.0015106432,1.8903648857917152e-05,2.2304918948385525e-05,0.0010915856,0.00049689994,5289984,4483316,11174.997,8928.069,0.0020599679555743933,0.002029449911788106
189,0.001892118714749813,0.0018768596928566694,0.00010681315,9.155413e-05,0.15880065,0.13356222,0.0022932348720241876,0.0020724175878290003,0.0019836728,0.0019531548,0.0015259022,0.0015259022,1.8903648857917152e-05,2.6493020811062636e-05,0.0016813013,0.00076540565,5289984,3774579,12131.176,7822.504,0.002151522086933255,0.002075226977467537
190,0.0018768596928566694,0.0018768596928566694,9.155413e-05,9.155413e-05,0.14912643,0.14912643,0.002171416731246257,0.002041477348171446,0.0019684138,0.0019531548,0.0015259022,0.0015259022,1.8903648857917152e-05,2.1599307785384095e-05,0.001162467,0.0005995734,5289984,4629778,11486.76,9451.587,0.002075226977467537,0.0020447089336812496
191,0.0018768596928566694,0.0018768596928566694,9.155413e-05,7.629511e-05,0.097138934,0.06741436,0.0021143345421153446,0.0020131849701771685,0.0019531548,0.0019378958,0.0015106432,0.0015106432,1.8903648857917152e-05,2.2203235988425897e-05,0.0010204619,0.00046333382,5289984,4503848,11184.796,9067.079,0.0020599679555743933,0.0020447089336812496
192,0.001892118714749813,0.0018768596928566694,0.00010681315,9.155413e-05,0.26253146,0.110017546,0.0022480067844959455,0.0020987051707151688,0.0019836728,0.0019531548,0.0015259022,0.0015259022,1.8903648857917152e-05,2.239731948880358e-05,0.0014249169,0.00082073425,5289984,4464820,11891.92,9370.341,0.002121004043146968,0.002075226977467537
193,0.001892118714749813,0.0018768596928566694,0.00012207218,9.155413e-05,0.108018614,0.0658732,0.0023012993827698724,0.0021332246470182987,0.0019989319,0.0019684138,0.0014953841,0.0014953841,1.8903648857917152e-05,2.3842261505262106e-05,0.0014874468,0.0007653345,5289984,4194233,12173.837,8947.241,0.002151522086933255,0.0020904859993606806
194,0.001892118714749813,0.0018768596928566694,0.00010681315,9.155413e-05,0.1035935,0.07910277,0.002257566234191351,0.002131409810267402,0.0019836728,0.0019684138,0.0014953841,0.0014953841,1.8903648857917152e-05,2.192071977121783e-05,0.0013131456,0.00089084066,5289984,4561894,11942.489,9723.266,0.002121004043146968,0.002075226977467537
195,0.001892118714749813,0.0018768596928566694,9.155413e-05,9.155413e-05,0.1820859,0.12896925,0.0022229502194619113,0.002077139266912958,0.0019684138,0.0019531548,0.0015411612,0.0015411612,1.8903648857917152e-05,2.2219101672831726e-05,0.001505461,0.00075424847,5289984,4500632,11759.371,9348.439,0.0020904859993606806,0.0020599679555743933
196,0.001892118714749813,0.0018768596928566694,0.00010681315,9.155413e-05,0.126009,0.06324865,0.0022579527990420198,0.002101833070739697,0.0019836728,0.0019684138,0.0015411612,0.0015411612,1.8903648857917152e-05,2.377713030010067e-05,0.0013378838,0.00067368953,5289984,4205722,11944.534,8839.726,0.0021362630650401115,0.002075226977467537
197,0.001892118714749813,0.0018768596928566694,0.00012207218,0.00010681315,0.10513466,0.06831464,0.002345110988875392,0.0021483134230374863,0.0019836728,0.0019684138,0.0015106432,0.0015106432,1.8903648857917152e-05,2.4349331087351034e-05,0.0015772914,0.00091887824,5289984,4106889,12405.6,8822.885,0.002166781108826399,0.0020904859993606806
198,0.001937895780429244,0.0019226367585361004,0.00016784924,0.0001373312,0.12196536,0.12196536,0.0024851414292439257,0.00230045802738978,0.002059968,0.00202945,0.0015411612,0.0015411612,1.8903648857917152e-05,2.97607444471659e-05,0.0016939093,0.0010153665,5289984,3360131,13146.358,7729.8403,0.00238040741533041,0.0022583352401852608
199,0.001892118714749813,0.0018768596928566694,9.155413e-05,9.155413e-05,0.22961776,0.16340886,0.0021269202370815298,0.0020295028226533867,0.0019684138,0.0019531548,0.0015259022,0.0015259022,1.8903648857917152e-05,2.3098518414831836e-05,0.0010874643,0.0006121023,5289984,4329282,11251.374,8786.29,0.0020904859993606806,0.0020599679555743933
200,0.0018768596928566694,0.0018768596928566694,9.155413e-05,7.629511e-05,0.47226673,0.47226673,0.002090678582392688,0.0019990877044140268,0.0019684138,0.0019531548,0.0015106432,0.0015106432,1.8903648857917152e-05,2.2381914696703794e-05,0.00086692965,0.00051655836,5289984,4467893,11059.656,8931.71,0.002075226977467537,0.0020447089336812496
201,0.001892118714749813,0.0018768596928566694,9.155413e-05,9.155413e-05,0.13409628,0.13409628,0.0020795049383065243,0.0020047319333378966,0.0019684138,0.0019531548,0.0015259022,0.0015259022,1.8903648857917152e-05,2.436017394138601e-05,0.0007880127,0.00044296455,5289984,4105061,11000.548,8229.547,0.0020904859993606806,0.0020599679555743933
202,0.001892118714749813,0.0018768596928566694,0.00010681315,9.155413e-05,0.1387808,0.12201114,0.0021405197879024777,0.002045333067726325,0.0019836728,0.0019684138,0.0014953841,0.0014953841,1.8903648857917152e-05,2.495231612388725e-05,0.0010276289,0.00069684995,5289984,4007644,11323.315,8196.967,0.002121004043146968,0.002075226977467537
203,0.0018768596928566694,0.0018768596928566694,9.155413e-05,7.629511e-05,0.1388571,0.13261616,0.002097699331120378,0.002008086412803579,0.0019684138,0.0019531548,0.0015411612,0.0015411612,1.8903648857917152e-05,2.300232829567009e-05,0.0009934972,0.0005287363,5289984,4347386,11096.796,8729.927,0.002075226977467537,0.0020447089336812496
204,0.001892118714749813,0.0018768596928566694,0.00010681315,9.155413e-05,0.15428397,0.15428397,0.0021707981167216196,0.0020589877395982784,0.0019989319,0.0019684138,0.0015259022,0.0015259022,1.8903648857917152e-05,2.687227901379811e-05,0.0011871883,0.0007504632,5289984,3721307,11483.487,7662.1255,0.0021362630650401115,0.002075226977467537
205,0.001892118714749813,0.0018768596928566694,0.00010681315,9.155413e-05,0.16317998,0.16317998,0.002146866355715821,0.002045633386333735,0.0019836728,0.0019684138,0.0015411612,0.0015411612,1.8903648857917152e-05,2.44368168993296e-05,0.0010120928,0.00066517474,5289984,4092186,11356.889,8371.112,0.002121004043146968,0.002075226977467537
206,0.001892118714749813,0.0018768596928566694,0.00010681315,9.155413e-05,0.090058744,0.07817197,0.0021061516989583523,0.002019692901643732,0.0019836728,0.0019531548,0.0015106432,0.0015106432,1.8903648857917152e-05,2.501303804608152e-05,0.00081655034,0.00042352325,5289984,3997915,11141.509,8074.5605,0.0021057450212538242,0.0020599679555743933
207,0.001937895780429244,0.0019073777366429567,0.00015259022,0.00012207218,0.17828642,0.1483177,0.0023346975520743543,0.0021764617785281124,0.002059968,0.002014191,0.0015411612,0.0015716793,1.8903648857917152e-05,3.7206173545964135e-05,0.001431244,0.0009001466,5289984,2687726,12350.513,5849.733,0.002288853283971548,0.002197299152612686
208,0.0018768596928566694,0.0018768596928566694,9.155413e-05,7.629511e-05,0.13882658,0.06344701,0.002031808853887838,0.0019750416215322916,0.0019531548,0.0019378958,0.0015411612,0.0015411612,1.8903648857917152e-05,2.186345746092672e-05,0.0007839556,0.00029640045,5289984,4573842,10748.236,9033.528,0.0020447089336812496,0.002029449911788106
209,0.0018768596928566694,0.0018768596928566694,9.155413e-05,9.155413e-05,0.11775387,0.0830396,0.0020811039950097204,0.0020027482508777473,0.0019531548,0.0019531548,0.0015259022,0.0015259022,1.8903648857917152e-05,2.2757250232351525e-05,0.00091197045,0.00046890284,5289984,4394204,11009.007,8800.484,0.0020599679555743933,0.0020447089336812496
210,0.001892118714749813,0.0018768596928566694,9.155413e-05,9.155413e-05,0.11480888,0.0698558,0.002099947462329281,0.002012935452805661,0.0019684138,0.0019531548,0.0015411612,0.0015411612,1.8903648857917152e-05,2.52139847853773e-05,0.0009387911,0.00046106015,5289984,3966053,11108.688,7983.4087,0.0020904859993606806,0.0020599679555743933
211,0.001892118714749813,0.001892118714749813,0.00010681315,9.155413e-05,0.1286946,0.103028916,0.0021980380162775538,0.002067410747295421,0.0019836728,0.0019684138,0.0015259022,0.0015259022,1.8903648857917152e-05,2.6384207890672284e-05,0.0012885603,0.00061354134,5289984,3790146,11627.586,7835.7886,0.0021362630650401115,0.002075226977467537
212,0.0018768596928566694,0.0018768596928566694,9.155413e-05,9.155413e-05,0.12686351,0.072159916,0.0021146245580563193,0.002008221401417935,0.0019684138,0.0019531548,0.0015106432,0.0015106432,1.8903648857917152e-05,2.335318042293544e-05,0.0011283077,0.00043123148,5289984,4282072,11186.33,8599.349,0.002075226977467537,0.0020447089336812496
213,0.0018768596928566694,0.0018616006709635258,9.155413e-05,7.629511e-05,0.15387198,0.15387198,0.0020554563217369845,0.0019805505686084153,0.0019531548,0.0019378958,0.0015411612,0.0015411612,1.8903648857917152e-05,2.204378512952708e-05,0.0010391293,0.0004831829,5289984,4536426,10873.331,8984.621,0.0020447089336812496,0.002029449911788106
214,0.0019073777366429567,0.001892118714749813,0.00010681315,0.00010681315,0.09161517,0.08715954,0.0022079467404225606,0.00208804243746052,0.0019989319,0.0019836728,0.0015411612,0.0015411612,1.8903648857917152e-05,2.8870260513682773e-05,0.0011983167,0.00064633955,5289984,3463772,11680.003,7232.503,0.002151522086933255,0.0021057450212538242
215,0.0018768596928566694,0.0018616006709635258,9.155413e-05,7.629511e-05,0.14335851,0.06399634,0.0020576293183259156,0.00199051782180579,0.0019531548,0.0019378958,0.0015259022,0.0015259022,1.8903648857917152e-05,2.2524338674154357e-05,0.00093723694,0.00041150436,5289984,4439642,10884.826,8837.187,0.0020599679555743933,0.002029449911788106
216,0.0019073777366429567,0.001892118714749813,0.00012207218,0.00010681315,0.1251545,0.07872129,0.002214068827405716,0.002087298050712749,0.002014191,0.0019836728,0.0015411612,0.0015411612,1.8903648857917152e-05,3.080692897123649e-05,0.0012895953,0.00064075424,5289984,3246023,11712.389,6775.4175,0.002166781108826399,0.002121004043146968
217,0.0018768596928566694,0.0018616006709635258,7.629511e-05,7.629511e-05,0.0952163,0.04884413,0.0020115719808887892,0.0019690137705523927,0.0019531548,0.0019378958,0.0015259022,0.0015259022,1.8903648857917152e-05,2.0775469323045874e-05,0.00056593196,0.00024016679,5289984,4813369,10641.184,9477.59,0.0020447089336812496,0.002029449911788106
218,0.0018768596928566694,0.0018616006709635258,9.155413e-05,7.629511e-05,0.12542915,0.066849776,0.002030955974417881,0.0019731864089679893,0.0019531548,0.0019378958,0.0015106432,0.0015106432,1.8903648857917152e-05,2.3075668115587867e-05,0.0007611517,0.00032739746,5289984,4333569,10743.725,8550.939,0.0020447089336812496,0.002029449911788106
219,0.001892118714749813,0.0018768596928566694,0.00010681315,9.155413e-05,0.12625314,0.12625314,0.0021194994472691223,0.0020273817283440196,0.0019836728,0.0019684138,0.0015564202,0.0015564202,1.8903648857917152e-05,2.5588104192713224e-05,0.0009273305,0.00044094725,5289984,3908066,11212.118,7923.1416,0.0021057450212538242,0.0020599679555743933
220,0.001892118714749813,0.001892118714749813,9.155413e-05,9.155413e-05,0.1153582,0.1153582,0.002112412425006862,0.0020229100336026824,0.0019836728,0.0019684138,0.0015106432,0.0015106432,1.8903648857917152e-05,2.6210629668440775e-05,0.0009447407,0.0004562785,5289984,3815246,11174.628,7717.8994,0.0021057450212538242,0.0020599679555743933
221,0.0018768596928566694,0.0018768596928566694,9.155413e-05,7.629511e-05,0.1782559,0.06916915,0.002070165723504551,0.0019815136638313543,0.0019531548,0.0019378958,0.0015259022,0.0015259022,1.8903648857917152e-05,2.3964775614211206e-05,0.001034257,0.00038207008,5289984,4172791,10951.144,8268.442,0.0020599679555743933,0.002029449911788106
222,0.0018768596928566694,0.0018768596928566694,7.629511e-05,7.629511e-05,0.1600061,0.09997711,0.0020179137489475395,0.001970289996531522,0.0019531548,0.0019378958,0.0015259022,0.0015259022,1.8903648857917152e-05,2.0405814514410995e-05,0.0007790341,0.00036897237,5289984,4900564,10674.731,9655.532,0.002029449911788106,0.002029449911788106
223,0.001892118714749813,0.0018768596928566694,9.155413e-05,9.155413e-05,0.16891737,0.16891737,0.002120285683992617,0.00202210052416603,0.0019684138,0.0019531548,0.0015106432,0.0015106432,1.8903648857917152e-05,2.528561364897196e-05,0.0012126612,0.0007914938,5289984,3954818,11216.277,7997.0396,0.0020904859993606806,0.0020599679555743933
224,0.0018768596928566694,0.0018616006709635258,9.155413e-05,7.629511e-05,0.112611584,0.05584802,0.002029151082085031,0.00196921050621464,0.0019531548,0.0019378958,0.0015106432,0.0015106432,1.8903648857917152e-05,2.171166989229709e-05,0.000733646,0.00026884623,5289984,4605818,10734.177,9069.825,0.0020447089336812496,0.002029449911788106
225,0.001892118714749813,0.0018768596928566694,0.00010681315,9.155413e-05,0.11572442,0.10177767,0.002139346617116422,0.0020428807118289746,0.0019836728,0.0019684138,0.0015411612,0.0015411612,1.8903648857917152e-05,2.551888831556453e-05,0.0010646695,0.00058653223,5289984,3918666,11317.109,8005.367,0.0021057450212538242,0.002075226977467537
